Time,Joystick_Right_Left,Joystick_Front_Rear,Speed_Right,Speed_Left
0.18669,-10,19,0,0
2.7864,63,799,0.10296,0.14872
3.5964,20,1043,2.27656,2.20792
3.8863,56,1014,2.96296,3.10024
4.1264,23,807,3.53496,3.62648
4.3961,-12,50,3.58072,3.56928
4.6061,-9,20,2.60832,2.58544
4.7261,-9,20,2.10496,2.1164
4.7861,-9,20,1.86472,1.85328
4.8662,-9,19,1.59016,1.56728
4.9461,-9,20,1.33848,1.33848
5.026,-9,19,1.16688,1.15544
5.126,-9,20,0.92664,0.9152
5.196,-9,20,0.78936,0.8008
5.306,-9,20,0.61776,0.6292
5.4159,-9,20,0.4576,0.4576
5.5159,-9,19,0.30888,0.30888
5.6159,-9,20,0.18304,0.18304
5.726,-9,20,0.0572,0.0572
5.8259,-9,19,0,0
5.9959,-9,19,0,0
6.1358,-9,20,0,0
6.246,-9,19,0,0
6.3159,-9,19,0,0
6.5261,-9,20,0,0
6.646,-9,20,0,0
6.7558,-9,20,0,0
6.866,-9,20,0,0
6.9459,-9,20,0,0
7.0459,-9,20,0,0
7.1459,-9,19,0,0
7.2459,-9,20,0,0
7.3461,-9,19,0,0
7.4561,-9,20,0,0
7.5559,-9,20,0,0
7.6661,-9,19,0,0
7.7659,-9,20,0,0
7.866,-9,19,0,0
7.9959,-9,19,0,0
8.0857,-9,20,0,0
8.2057,-9,19,0,0
8.2958,-9,20,0,0
8.3958,-9,20,0,0
8.4958,-9,20,0,0
8.6157,-9,20,0,0
8.7257,-9,20,0,0
8.8457,-9,20,0,0
8.9555,-9,20,0,0
9.0555,-9,20,0,0
9.1456,-9,19,0,0
9.2455,-9,20,0,0
9.3754,-9,20,0,0
9.4455,-9,20,0,0
9.5255,-9,19,0,0
9.6254,-9,20,0,0
9.6954,-9,19,0,0
9.7954,-9,20,0,0
9.9254,-9,20,0,0
10.065,-9,20,0,0
10.185,-9,20,0,0
10.315,-9,20,0,0
10.415,-9,20,0,0
10.525,-9,20,0,0
10.645,-9,20,0,0
10.775,-9,20,0,0
10.875,-9,20,0,0
10.995,-9,20,0,0
11.075,-9,20,0,0
11.175,-9,20,0,0
11.265,-9,19,0,0
11.355,-9,20,0,0
11.465,-9,19,0,0
11.565,-9,20,0,0
11.675,-9,19,0,0
11.755,-9,20,0,0
11.845,-9,20,0,0
11.945,-9,20,0,0
12.045,-9,20,0,0
12.145,-9,20,0,0
12.255,-9,19,0,0
12.355,-9,20,0,0
12.425,-9,20,0,0
12.545,-9,20,0,0
12.635,-9,20,0,0
12.775,-9,19,0,0
12.905,-9,20,0,0
13.075,-9,20,0,0
13.255,-9,19,0,0
13.355,-9,19,0,0
13.435,-9,20,0,0
13.535,-9,19,0,0
13.645,-9,20,0,0
13.755,-9,19,0,0
13.875,-9,19,0,0
13.985,-9,19,0,0
14.055,-9,20,0,0
14.155,-9,19,0,0
14.265,-9,19,0,0
14.365,-9,19,0,0
14.445,-9,19,0,0
14.555,-9,20,0,0
14.655,-9,20,0,0
14.755,-9,19,0,0
14.845,-9,20,0,0
14.945,-9,20,0,0
15.035,-9,19,0,0
15.125,-9,20,0,0
15.225,-9,20,0,0
15.305,-9,20,0,0
15.405,-9,19,0,0
15.505,-9,19,0,0
15.605,-9,20,0,0
15.715,-9,19,0,0
15.835,-9,19,0,0
15.975,-9,19,0,0
16.095,-9,20,0,0
16.254,-9,19,0,0
16.425,-9,19,0,0
16.594,-9,19,0,0
16.814,-9,20,0,0
16.934,-9,20,0,0
17.054,-9,19,0,0
17.164,-9,19,0,0
17.304,-9,19,0,0
17.424,-9,20,0,0
17.574,-9,20,0,0
17.704,-9,20,0,0
17.864,-9,19,0,0
18.054,-9,19,0,0
18.224,-9,20,0,0
18.464,-9,20,0,0
18.624,-9,20,0,0
18.794,-9,20,0,0
18.934,-9,19,0,0
19.074,-9,20,0,0
19.204,-9,19,0,0
19.324,140,855,0,0
19.424,90,1064,0.02288,0.1144
19.534,83,1074,0.26312,0.4004
19.614,83,1074,0.52624,0.66352
19.714,77,1073,0.84656,1.0296
19.834,44,1070,1.0868,1.28128
19.924,10,1069,1.3728,1.52152
20.034,-17,1067,1.67024,1.72744
20.154,-21,1067,1.99056,1.97912
20.264,-20,1066,2.32232,2.26512
20.384,-18,1067,2.6312,2.574
20.514,-17,1067,2.9744,2.9172
20.634,-2,1067,3.28328,3.24896
20.774,40,1068,3.58072,3.63792
20.894,63,1068,3.85528,3.95824
21.034,73,1068,4.18704,4.38152
21.154,73,1067,4.41584,4.59888
21.264,73,1067,4.65608,4.82768
21.414,86,1067,4.90776,5.11368
21.544,93,1067,5.148,5.35392
21.654,112,1065,5.28528,5.53696
21.774,117,1065,5.50264,5.75432
21.884,185,1055,5.58272,5.92592
21.994,243,1045,5.68568,6.13184
22.094,255,1043,5.76576,6.26912
22.194,258,1043,5.78864,6.32632
22.274,257,1043,5.7772,6.33776
22.384,256,1043,5.9488,6.5208
22.484,258,1042,6.02888,6.61232
22.584,280,1036,6.09752,6.64664
22.684,282,1035,6.20048,6.78392
22.774,271,1037,6.292,6.85256
22.904,275,1036,6.3492,6.95552
23.014,326,1021,6.42928,7.00128
23.114,338,1016,6.39496,7.02416
23.204,339,1016,6.38352,7.04704
23.304,336,1016,6.31488,7.00128
23.414,291,1030,6.20048,7.02416
23.514,241,1044,6.4064,7.0928
23.594,218,1049,6.5208,7.04704
23.684,216,1050,6.60088,7.06992
23.793,217,1049,6.72672,7.24152
23.893,217,1048,6.76104,7.23008
23.993,215,1048,6.8068,7.31016
24.093,215,1049,6.88688,7.3216
24.173,215,1048,6.9212,7.39024
24.283,228,1047,6.89832,7.3788
24.383,237,1045,6.85256,7.34448
24.473,239,1045,6.79536,7.34448
24.553,245,1044,6.79536,7.31016
24.643,247,1044,6.77248,7.28728
24.743,248,1043,6.73816,7.2644
24.813,248,1043,6.73816,7.2644
24.913,248,1044,6.73816,7.2644
25.004,248,1044,6.72672,7.2644
25.104,256,1041,6.71528,7.27584
25.183,266,1039,6.6924,7.2644
25.283,271,1039,6.65808,7.21864
25.383,277,1037,6.62376,7.19576
25.513,308,1029,6.60088,7.17288
25.633,334,1020,6.44072,7.12712
25.723,338,1019,6.37208,7.02416
25.773,337,1020,6.33776,7.02416
25.873,336,1020,6.33776,7.0356
25.973,332,1021,6.31488,7.00128
26.053,329,1022,6.31488,7.01272
26.193,322,1023,6.37208,7.04704
26.303,306,1029,6.41784,7.08136
26.403,262,1042,6.50936,7.13856
26.543,217,1052,6.60088,7.10424
26.663,183,1058,6.66952,7.15
26.783,180,1057,6.82968,7.25296
26.904,178,1058,6.90976,7.27584
27.003,179,1059,7.01272,7.3788
27.123,186,1059,7.05848,7.47032
27.213,199,1056,7.00128,7.42456
27.303,201,1056,7.01272,7.44744
27.393,197,1056,7.04704,7.44744
27.483,193,1056,7.0356,7.51608
27.573,188,1057,7.01272,7.47032
27.663,166,1060,6.9784,7.436
27.743,151,1063,7.06992,7.47032
27.843,144,1062,7.15,7.52752
27.953,144,1062,7.19576,7.53896
28.023,135,1064,7.21864,7.51608
28.123,98,1067,7.27584,7.53896
28.213,15,1065,7.34448,7.48176
28.293,-49,1059,7.41312,7.4932
28.383,-79,1056,7.51608,7.3788
28.483,-68,1059,7.59616,7.41312
28.573,-69,1059,7.6076,7.39024
28.643,-72,1059,7.59616,7.41312
28.743,-71,1059,7.57328,7.36736
28.813,-39,1062,7.5504,7.36736
28.913,35,1068,7.50464,7.4932
29.013,46,1068,7.47032,7.56184
29.093,46,1068,7.44744,7.5504
29.183,46,1068,7.436,7.5504
29.263,58,1069,7.436,7.57328
29.363,104,1068,7.35592,7.56184
29.443,115,1067,7.29872,7.5504
29.533,121,1067,7.25296,7.52752
29.623,126,1067,7.23008,7.51608
29.723,126,1067,7.23008,7.52752
29.833,124,1067,7.2072,7.52752
29.943,120,1067,7.23008,7.50464
30.033,111,1066,7.25296,7.51608
30.133,107,1067,7.27584,7.52752
30.253,105,1067,7.27584,7.52752
30.343,104,1067,7.2644,7.51608
30.443,106,1067,7.29872,7.53896
30.543,106,1067,7.28728,7.53896
30.633,106,1067,7.28728,7.56184
30.733,105,1067,7.28728,7.52752
30.793,103,1067,7.27584,7.5504
30.913,103,1067,7.31016,7.53896
31.013,99,1067,7.31016,7.5504
31.153,82,1068,7.3216,7.56184
31.273,75,1068,7.35592,7.53896
31.403,64,1068,7.39024,7.56184
31.523,49,1068,7.41312,7.53896
31.663,49,1068,7.436,7.56184
31.803,51,1068,7.436,7.5504
31.943,51,1068,7.436,7.56184
32.043,51,1069,7.44744,7.57328
32.163,50,1068,7.42456,7.5504
32.303,-6,1066,7.48176,7.52752
32.423,-65,1060,7.53896,7.436
32.523,-60,1061,7.56184,7.42456
32.652,-35,1064,7.5504,7.40168
32.763,16,1068,7.52752,7.48176
32.903,52,1068,7.45888,7.53896
33.003,68,1068,7.41312,7.56184
33.112,82,1068,7.35592,7.56184
33.232,92,1068,7.33304,7.5504
33.342,98,1068,7.31016,7.56184
33.462,119,1066,7.29872,7.57328
33.583,135,1064,7.23008,7.52752
33.692,166,1060,7.12712,7.4932
33.822,195,1056,7.01272,7.436
33.952,221,1051,6.90976,7.3788
34.082,227,1050,6.84112,7.33304
34.202,227,1050,6.82968,7.33304
34.312,193,1055,6.82968,7.33304
34.432,165,1059,6.90976,7.36736
34.552,153,1060,7.04704,7.41312
34.662,133,1062,7.13856,7.44744
34.782,133,1062,7.18432,7.50464
34.912,140,1062,7.2072,7.51608
35.012,144,1062,7.18432,7.51608
35.102,149,1062,7.16144,7.51608
35.162,153,1061,7.15,7.4932
35.262,156,1061,7.11568,7.48176
35.362,153,1061,7.13856,7.48176
35.452,147,1061,7.15,7.50464
35.552,150,1061,7.12712,7.48176
35.662,151,1061,7.13856,7.48176
35.762,150,1061,7.13856,7.47032
35.862,150,1061,7.13856,7.47032
35.952,150,1061,7.11568,7.47032
36.052,149,1061,7.15,7.4932
36.142,149,1061,7.16144,7.4932
36.232,149,1061,7.16144,7.4932
36.322,149,1061,7.15,7.4932
36.402,150,1061,7.12712,7.48176
36.502,150,1061,7.13856,7.4932
36.612,139,1060,7.15,7.4932
36.702,107,1064,7.19576,7.50464
36.762,49,1066,7.25296,7.50464
36.852,-27,1063,7.39024,7.44744
36.952,-55,1060,7.51608,7.42456
37.032,-50,1061,7.56184,7.436
37.122,3,1065,7.56184,7.47032
37.212,22,1067,7.5504,7.52752
37.332,47,1067,7.48176,7.5504
37.422,65,1067,7.44744,7.56184
37.522,56,1066,7.41312,7.56184
37.602,-197,1024,7.436,7.53896
37.692,-704,776,7.39024,7.27584
37.802,-845,651,7.06992,6.7496
37.852,-853,642,6.93264,6.39496
37.952,-856,639,6.58944,5.73144
38.042,-854,640,6.292,5.17088
38.142,-846,645,6.01744,4.6332
38.252,-812,676,5.74288,4.1756
38.342,-738,748,5.47976,3.98112
38.452,-680,803,5.29672,3.90104
38.562,124,957,5.2052,4.004
38.672,772,734,5.13656,4.35864
38.772,872,639,4.8048,4.4044
38.851,891,617,4.49592,4.4044
38.911,922,573,4.27856,4.38152
38.991,976,483,3.93536,4.31288
39.071,991,455,3.59216,4.20992
39.171,985,466,3.15744,4.08408
39.271,973,488,2.76848,4.01544
39.381,970,494,2.4024,3.95824
39.481,962,505,2.21936,4.0612
39.591,937,538,2.19648,4.1184
39.691,905,578,2.29944,4.15272
39.811,836,661,2.4024,4.1756
39.941,658,813,2.61976,4.12984
40.071,194,893,3.00872,4.04976
40.161,47,886,3.39768,4.01544
40.281,-10,829,3.90104,3.96968
40.391,123,764,4.1184,4.18704
40.521,448,677,4.12984,4.47304
40.641,813,653,3.96968,4.65608
40.751,758,734,3.70656,4.75904
40.901,301,974,3.68368,4.79336
41.021,-184,1012,4.01544,4.72472
41.151,-422,963,4.59888,4.6904
41.261,-417,964,4.9764,4.62176
41.371,-306,1003,5.29672,4.59888
41.511,-244,1009,5.50264,4.83912
41.631,-136,988,5.58272,4.99928
41.761,-11,934,5.61704,5.36536
41.881,12,929,5.65136,5.63992
42.001,13,956,5.7772,5.81152
42.111,8,982,5.91448,5.98312
42.261,13,985,6.07464,6.14328
42.351,32,979,6.16616,6.25768
42.471,42,978,6.292,6.39496
42.571,66,976,6.4064,6.53224
42.641,99,973,6.4636,6.62376
42.741,116,972,6.47504,6.72672
42.821,163,969,6.49792,6.82968
42.921,170,968,6.58944,6.96696
43.041,177,966,6.62376,7.02416
43.131,176,966,6.6924,7.08136
43.221,171,967,6.76104,7.16144
43.331,173,967,6.8068,7.18432
43.411,180,966,6.8068,7.21864
43.501,224,957,6.7496,7.23008
43.601,228,967,6.7496,7.24152
43.701,230,976,6.7496,7.25296
43.781,210,1000,6.77248,7.27584
43.851,170,1029,6.864,7.29872
43.941,113,1048,6.94408,7.31016
44.021,78,1054,7.04704,7.3216
44.111,61,1056,7.13856,7.3216
44.211,17,1057,7.24152,7.35592
44.301,29,1061,7.33304,7.41312
44.401,21,1064,7.39024,7.436
44.461,-6,1065,7.42456,7.45888
44.551,-22,1064,7.53896,7.47032
44.661,-21,1065,7.56184,7.4932
44.761,-10,1065,7.56184,7.50464
44.871,8,1066,7.53896,7.51608
44.971,14,1066,7.52752,7.52752
45.011,18,1066,7.51608,7.52752
45.101,47,1065,7.45888,7.53896
45.221,73,1065,7.436,7.56184
45.321,49,1063,7.3788,7.53896
45.411,41,1065,7.40168,7.56184
45.471,36,1066,7.44744,7.56184
45.561,43,1067,7.44744,7.57328
45.641,53,1068,7.436,7.5504
45.731,52,1067,7.436,7.56184
45.821,67,1067,7.40168,7.57328
45.891,68,1067,7.40168,7.5504
45.991,83,1065,7.34448,7.53896
46.091,96,1064,7.33304,7.56184
46.161,107,1063,7.31016,7.5504
46.251,109,1063,7.28728,7.53896
46.341,113,1064,7.2644,7.52752
46.43,114,1064,7.2644,7.53896
46.51,117,1064,7.24152,7.52752
46.621,122,1064,7.23008,7.52752
46.69,124,1064,7.21864,7.51608
46.81,125,1064,7.23008,7.52752
46.9,130,1063,7.21864,7.50464
46.99,130,1063,7.2072,7.51608
47.09,127,1063,7.21864,7.52752
47.19,118,1063,7.2072,7.52752
47.28,117,1063,7.23008,7.52752
47.37,114,1064,7.25296,7.5504
47.46,84,1066,7.27584,7.5504
47.53,50,1067,7.33304,7.51608
47.64,39,1067,7.44744,7.58472
47.72,37,1066,7.44744,7.53896
47.8,53,1066,7.41312,7.51608
47.92,74,1067,7.42456,7.56184
48.02,76,1066,7.3788,7.52752
48.08,78,1066,7.36736,7.5504
48.17,79,1066,7.3788,7.56184
48.27,79,1066,7.36736,7.56184
48.35,79,1066,7.35592,7.52752
48.44,78,1066,7.36736,7.56184
48.53,76,1067,7.34448,7.53896
48.62,75,1068,7.35592,7.56184
48.71,71,1068,7.3788,7.57328
48.79,71,1069,7.40168,7.58472
48.9,71,1069,7.40168,7.58472
48.98,71,1070,7.39024,7.5504
49.07,74,1071,7.36736,7.5504
49.16,74,1071,7.36736,7.53896
49.24,75,1071,7.34448,7.52752
49.35,71,1071,7.3788,7.57328
49.43,52,1072,7.3788,7.53896
49.54,29,1072,7.436,7.51608
49.63,30,1073,7.47032,7.5504
49.73,105,1068,7.44744,7.5504
49.82,133,1066,7.31016,7.5504
49.89,142,1065,7.2072,7.50464
49.99,157,1063,7.16144,7.50464
50.07,158,1063,7.13856,7.48176
50.15,157,1062,7.0928,7.45888
50.26,156,1063,7.06992,7.47032
50.35,156,1063,7.08136,7.44744
50.45,157,1063,7.15,7.4932
50.52,155,1063,7.10424,7.47032
50.61,161,1062,7.08136,7.45888
50.7,155,1064,7.15,7.50464
50.78,139,1065,7.13856,7.50464
50.86,94,1069,7.18432,7.47032
50.95,66,1070,7.27584,7.436
51.08,63,1070,7.36736,7.52752
51.16,63,1069,7.40168,7.5504
51.26,63,1070,7.42456,7.58472
51.4,56,1070,7.47032,7.59616
51.51,51,1070,7.436,7.56184
51.63,50,1070,7.39024,7.51608
51.77,-49,1061,7.45888,7.53896
51.89,-645,818,7.4932,7.25296
52,-815,681,7.23008,6.73816
52.1,-843,650,6.85256,6.006
52.24,-848,642,6.44072,5.13656
52.37,-849,639,6.0632,4.45016
52.53,-846,640,5.61704,3.93536
52.65,-824,656,5.30816,3.68368
52.76,-794,686,5.07936,3.52352
52.88,-706,769,4.9764,3.58072
52.94,-533,856,4.94208,3.61504
53.05,339,927,4.90776,3.95824
53.18,854,628,4.79336,4.31288
53.3,946,507,4.3472,4.37008
53.41,1032,313,3.84384,4.22136
53.53,1054,247,3.16888,3.91248
53.65,1054,245,2.52824,3.70656
53.78,1050,252,1.8876,3.51208
53.88,1040,273,1.46432,3.36336
54.01,1025,311,1.0868,3.23752
54.12,1015,339,1.0296,3.19176
54.23,993,389,1.0296,3.22608
54.32,934,490,1.13256,3.22608
54.429,387,852,1.36136,3.15744
54.54,-39,1049,1.76176,3.12312
54.62,-286,1014,2.16216,3.12312
54.729,-310,1011,2.61976,3.10024
54.82,-276,1020,3.05448,3.146
54.949,-214,1034,3.62648,3.2032
55.06,-170,1043,3.92392,3.42056
55.16,-115,1052,4.14128,3.61504
55.26,-26,1062,4.29,3.96968
55.359,39,1065,4.38152,4.29
55.469,53,1066,4.53024,4.6332
55.57,57,1066,4.6904,4.85056
55.689,58,1066,4.93064,5.11368
55.8,59,1066,5.11368,5.29672
55.94,62,1066,5.34248,5.51408
56.049,65,1065,5.5484,5.69712
56.149,84,1064,5.6628,5.85728
56.259,108,1062,5.78864,6.02888
56.37,116,1060,5.90304,6.1776
56.489,118,1060,6.02888,6.30344
56.609,118,1060,6.16616,6.44072
56.709,117,1059,6.26912,6.56656
56.829,113,1052,6.38352,6.66952
56.949,96,1039,6.53224,6.78392
57.079,65,1034,6.66952,6.864
57.179,45,1031,6.78392,6.93264
57.299,13,1033,6.90976,6.96696
57.409,7,1054,7.0356,7.04704
57.529,5,1065,7.11568,7.11568
57.669,6,1066,7.24152,7.24152
57.769,6,1066,7.29872,7.31016
57.889,6,1066,7.3788,7.39024
57.969,6,1066,7.42456,7.42456
58.069,103,1065,7.44744,7.52752
58.149,247,1043,7.2644,7.57328
58.249,275,1037,6.98984,7.52752
58.349,260,1042,6.82968,7.3788
58.429,199,1055,6.7496,7.29872
58.529,164,1062,6.79536,7.25296
58.659,102,1070,6.88688,7.25296
58.729,97,1072,6.98984,7.2644
58.829,94,1072,7.08136,7.3216
58.919,94,1072,7.17288,7.3788
59.019,94,1072,7.24152,7.45888
59.109,87,1072,7.29872,7.51608
59.189,83,1072,7.35592,7.5504
59.289,82,1072,7.35592,7.53896
59.389,78,1072,7.3788,7.58472
59.469,78,1072,7.39024,7.57328
59.569,74,1070,7.35592,7.5504
59.659,66,1070,7.3788,7.56184
59.769,27,1069,7.436,7.53896
59.899,19,1069,7.48176,7.5504
59.999,19,1069,7.48176,7.5504
60.079,18,1069,7.4932,7.5504
60.179,17,1069,7.51608,7.53896
60.279,17,1069,7.50464,7.53896
60.379,36,1070,7.4932,7.53896
60.449,51,1070,7.47032,7.5504
60.549,69,1069,7.42456,7.5504
60.639,67,1069,7.40168,7.56184
60.729,43,1068,7.42456,7.57328
60.819,19,1067,7.44744,7.52752
60.909,18,1068,7.48176,7.53896
60.989,94,1067,7.40168,7.53896
61.089,276,1037,7.19576,7.5504
61.199,706,813,6.9212,7.4932
61.299,829,706,6.25768,7.19576
61.399,837,701,5.6056,6.87544
61.499,836,702,5.06792,6.61232
61.608,825,717,4.66752,6.22336
61.708,802,745,4.35864,5.88016
61.799,796,753,4.14128,5.61704
61.908,776,774,3.92392,5.39968
62.038,716,832,3.92392,5.21664
62.138,575,935,3.99256,5.15944
62.258,351,1031,4.19848,5.19376
62.348,41,1074,4.5188,5.12512
62.448,-269,1024,4.89632,5.10224
62.538,-443,965,5.2624,5.07936
62.628,-536,917,5.50264,5.02216
62.748,-559,903,5.81152,4.94208
62.838,-556,902,5.98312,4.89632
62.928,-521,916,6.02888,4.9192
63.008,-480,936,6.05176,4.94208
63.098,-385,980,6.006,5.05648
63.208,-343,999,6.01744,5.2052
63.308,-383,986,6.08608,5.34248
63.398,-327,1004,6.16616,5.45688
63.488,-281,1019,6.22336,5.55984
63.578,-209,1038,6.2348,5.70856
63.688,-135,1055,6.31488,5.92592
63.788,6,1071,6.28056,6.13184
63.888,60,1074,6.292,6.3492
63.958,84,1073,6.32632,6.49792
64.048,87,1073,6.39496,6.62376
64.138,86,1073,6.48648,6.73816
64.228,86,1072,6.56656,6.81824
64.338,102,1071,6.64664,6.9212
64.438,109,1069,6.71528,6.98984
64.518,117,1069,6.78392,7.05848
64.618,134,1067,6.85256,7.15
64.708,157,1064,6.88688,7.23008
64.798,165,1064,6.93264,7.28728
64.888,165,1063,6.96696,7.35592
64.978,165,1063,7.01272,7.40168
65.078,164,1063,7.06992,7.45888
65.138,158,1063,7.0928,7.47032
65.248,155,1063,7.11568,7.48176
65.338,153,1063,7.12712,7.4932
65.418,152,1064,7.15,7.4932
65.518,152,1064,7.12712,7.48176
65.618,151,1064,7.13856,7.48176
65.708,150,1064,7.12712,7.48176
65.798,120,1067,7.18432,7.4932
65.908,64,1069,7.29872,7.48176
66.008,48,1068,7.34448,7.4932
66.128,39,1069,7.44744,7.53896
66.218,40,1069,7.45888,7.53896
66.318,42,1069,7.48176,7.56184
66.408,43,1069,7.45888,7.5504
66.458,54,1069,7.436,7.53896
66.568,58,1070,7.44744,7.56184
66.658,65,1068,7.3788,7.5504
66.748,67,1069,7.39024,7.5504
66.848,69,1069,7.41312,7.57328
66.928,69,1069,7.40168,7.57328
67.038,70,1069,7.39024,7.56184
67.118,67,1068,7.39024,7.53896
67.198,65,1068,7.39024,7.56184
67.268,68,1068,7.40168,7.56184
67.358,70,1068,7.3788,7.5504
67.458,72,1068,7.3788,7.5504
67.528,77,1068,7.40168,7.5504
67.638,85,1068,7.33304,7.5504
67.738,117,1065,7.27584,7.53896
67.818,117,1065,7.27584,7.57328
67.908,121,1064,7.21864,7.52752
67.988,125,1064,7.19576,7.51608
68.078,125,1064,7.23008,7.53896
68.168,125,1064,7.19576,7.51608
68.268,122,1064,7.24152,7.51608
68.388,114,1064,7.21864,7.51608
68.458,106,1065,7.2644,7.53896
68.578,92,1066,7.29872,7.56184
68.658,84,1065,7.31016,7.5504
68.748,79,1066,7.35592,7.58472
68.828,72,1066,7.3788,7.56184
68.927,68,1066,7.40168,7.57328
69.027,67,1067,7.40168,7.57328
69.118,68,1067,7.39024,7.56184
69.218,70,1067,7.41312,7.57328
69.318,77,1067,7.3788,7.53896
69.417,75,1068,7.3788,7.56184
69.497,77,1068,7.36736,7.5504
69.597,74,1068,7.36736,7.5504
69.687,74,1068,7.36736,7.5504
69.797,72,1068,7.36736,7.53896
69.897,72,1069,7.39024,7.53896
69.977,72,1069,7.40168,7.5504
70.067,71,1070,7.39024,7.5504
70.167,71,1070,7.34448,7.53896
70.277,70,1070,7.3788,7.56184
70.388,69,1070,7.39024,7.56184
70.467,70,1071,7.40168,7.57328
70.567,70,1072,7.41312,7.58472
70.647,71,1072,7.40168,7.56184
70.757,73,1072,7.36736,7.53896
70.847,83,1072,7.33304,7.51608
70.927,116,1069,7.29872,7.51608
71.017,131,1070,7.27584,7.50464
71.127,-303,1002,7.25296,7.45888
71.237,-502,953,7.18432,7.0928
71.317,-540,930,7.05848,6.79536
71.417,-549,925,6.94408,6.38352
71.507,-553,923,6.81824,5.92592
71.597,-560,919,6.6352,5.61704
71.657,-561,918,6.54368,5.46832
71.747,-562,917,6.45216,5.30816
71.827,-561,916,6.25768,5.11368
71.917,-561,916,6.1204,5.04504
72.027,-562,915,6.09752,5.01072
72.117,-585,898,6.006,4.95352
72.207,-618,874,5.90304,4.82768
72.307,-674,829,5.81152,4.65608
72.407,-850,633,5.73144,4.41584
72.527,-1067,119,5.53696,3.92392
72.617,-1063,-165,5.10224,3.12312
72.717,-984,-434,4.48448,2.37952
72.797,-974,-458,3.96968,1.86472
72.897,-973,-459,3.432,1.34992
73.007,-971,-459,2.88288,0.83512
73.097,-967,-462,2.5168,0.50336
73.167,-963,-467,2.25368,0.21736
73.267,-956,-477,1.97912,-0.03432
73.347,-946,-490,1.72744,-0.24024
73.427,-942,-497,1.52152,-0.48048
73.537,-936,-505,1.2584,-0.73216
73.617,-935,-505,1.12112,-0.89232
73.717,-934,-505,0.99528,-1.01816
73.797,-933,-506,0.96096,-1.0868
73.877,-933,-506,0.90376,-1.10968
73.967,-933,-506,0.89232,-1.144
74.057,-932,-508,0.88088,-1.15544
74.147,-929,-511,0.83512,-1.15544
74.237,-927,-513,0.8008,-1.17832
74.317,-925,-517,0.78936,-1.2012
74.397,-924,-518,0.77792,-1.22408
74.487,-924,-519,0.75504,-1.2584
74.587,-923,-519,0.70928,-1.29272
74.667,-921,-521,0.6864,-1.3156
74.757,-919,-523,0.65208,-1.33848
74.847,-916,-528,0.61776,-1.36136
74.927,-912,-532,0.59488,-1.38424
75.017,-910,-536,0.56056,-1.40712
75.097,-907,-540,0.53768,-1.43
75.197,-905,-541,0.5148,-1.45288
75.297,-903,-545,0.48048,-1.4872
75.387,-899,-551,0.44616,-1.51008
75.447,-896,-555,0.43472,-1.53296
75.567,-892,-560,0.38896,-1.55584
75.647,-892,-561,0.36608,-1.56728
75.757,-892,-561,0.3432,-1.59016
75.847,-892,-561,0.32032,-1.61304
75.947,-892,-561,0.29744,-1.64736
76.037,-892,-561,0.26312,-1.67024
76.117,-892,-561,0.25168,-1.69312
76.217,-892,-560,0.21736,-1.716
76.297,-892,-560,0.20592,-1.73888
76.377,-902,-544,0.20592,-1.73888
76.466,-936,-485,0.21736,-1.76176
76.557,-996,-354,0.24024,-1.81896
76.646,-1056,-100,0.38896,-1.76176
76.746,-1010,293,0.59488,-1.62448
76.816,-897,535,0.69784,-1.3728
76.917,-468,922,0.8008,-1.13256
77.016,-122,1058,0.73216,-0.75504
77.107,-72,1071,0.66352,-0.37752
77.206,-67,1072,0.64064,0.12584
77.276,-66,1072,0.64064,0.4004
77.366,-69,1071,0.81224,0.70928
77.466,-90,1067,1.17832,1.05248
77.557,-122,1061,1.46432,1.18976
77.636,-147,1055,1.70456,1.3728
77.736,-147,1053,1.97912,1.62448
77.846,-81,1062,2.1736,1.92192
77.936,-61,1065,2.33376,2.1736
78.026,-45,1066,2.52824,2.43672
78.126,-43,1067,2.7456,2.67696
78.216,-46,1066,2.99728,2.9172
78.306,-57,1065,3.24896,3.15744
78.406,-89,1061,3.55784,3.42056
78.506,-133,1054,3.84384,3.6036
78.617,-174,1045,4.16416,3.8324
78.706,-192,1041,4.39296,3.96968
78.766,-192,1041,4.5188,4.08408
78.856,-185,1041,4.6904,4.25568
78.946,-173,1042,4.83912,4.4044
79.056,-162,1044,5.05648,4.64464
79.137,-156,1044,5.17088,4.78192
79.227,-148,1027,5.3196,4.94208
79.316,-113,916,5.42256,5.11368
79.416,-45,722,5.4912,5.28528
79.507,-41,627,5.36536,5.25096
79.617,-37,517,5.10224,5.02216
79.706,-55,377,4.75904,4.61032
79.776,-36,312,4.47304,4.50736
79.856,-19,84,3.99256,3.99256
79.956,-8,22,3.38624,3.39768
80.046,-7,20,2.9172,2.92864
80.146,-7,20,2.47104,2.48248
80.236,-7,19,2.12784,2.1164
80.306,-7,19,1.86472,1.86472
80.406,-7,19,1.56728,1.56728
80.496,-7,19,1.32704,1.32704
80.596,-7,19,1.09824,1.09824
80.686,-7,19,0.9152,0.9152
80.776,-7,19,0.72072,0.72072
80.836,-7,19,0.61776,0.61776
80.956,-7,19,0.43472,0.43472
81.046,-7,19,0.30888,0.30888
81.176,-7,19,0.1716,0.16016
81.276,-7,19,0.0572,0.0572
81.376,-7,19,0,0
81.496,-7,19,0,0
81.596,-7,19,0,0
81.706,-7,19,0,0
81.816,-7,19,0,0
81.936,-7,19,0,0
82.036,-7,19,0,0
82.156,-7,19,0,0
82.246,-7,19,0,0
82.346,-7,19,0,0
82.456,-7,19,0,0
82.596,-7,19,0,0
82.716,-7,19,0,0
82.846,-7,19,0,0
82.956,-7,19,0,0
83.056,-7,19,0,0
83.166,-7,19,0,0
83.266,-7,19,0,0
83.366,-7,19,0,0
83.506,-7,19,0,0
83.676,-7,19,0,0
83.826,-7,19,0,0
83.936,-7,19,0,0
84.025,-7,19,0,0
84.136,-7,19,0,0
84.205,-7,19,0,0
84.305,-7,19,0,0
84.415,-7,19,0,0
84.505,-7,19,0,0
84.615,-7,19,0,0
84.685,-7,19,0,0
84.775,-7,19,0,0
84.865,-7,19,0,0
84.945,-7,19,0,0
85.075,-7,19,0,0
85.175,-7,19,0,0
85.265,-7,19,0,0
85.475,-7,19,0,0
85.595,-7,19,0,0
85.745,-7,19,0,0
85.845,-7,19,0,0
85.955,-7,19,0,0
86.095,-7,19,0,0
86.205,-7,19,0,0
86.285,-7,19,0,0
86.395,-7,19,0,0
86.495,-7,19,0,0
86.595,-7,19,0,0
86.695,-7,19,0,0
86.805,-7,19,0,0
86.915,-7,19,0,0
87.015,-7,19,0,0
87.185,-7,19,0,0
87.295,-7,19,0,0
87.455,-7,19,0,0
87.605,-7,19,0,0
87.765,-7,19,0,0
87.945,-7,19,0,0
88.095,-7,19,0,0
